date_time,town,title,price,beds,sqft,url
2022-07-08 05:14, (ANCHORAGE SE GREAT LOCATION),3 Bed/3Ba Great location Garage & Rv/Boat storage,2500,3,2500.0,https://anchorage.craigslist.org/apa/d/anchorage-bed-3ba-great-location-garage/7499129532.html
2022-07-07 21:37, (Wasilla),2 bedroom apt,975,2,,https://anchorage.craigslist.org/apa/d/wasilla-bedroom-apt/7506148280.html
2022-07-07 16:52, (Anchorage),**** $195/week or $695/month &  up Private Room w/ALL Utilities Inc. ****,195,,,https://anchorage.craigslist.org/apa/d/anchorage-195-week-or-695-month-up/7498695636.html
2022-07-07 16:11, (Downtown Anchorage),"~*~ Exceptional 1 bed / 1 bath. Washer/dryer, garage + amenities ~*~",1722,1,609.0,https://anchorage.craigslist.org/apa/d/anchorage-exceptional-bed-bath-washer/7506075734.html
2022-07-07 16:10, (Anchorage),Come home to Legacy West Apartment Homes in Anchorage. Garden-style living!,1550,2,840.0,https://anchorage.craigslist.org/apa/d/anchorage-come-home-to-legacy-west/7506065321.html
2022-07-07 16:05, (Anchorage),Utterly wonderful! Lovely 800 sqft 2 bed/1 bath at a great price!,1415,2,800.0,https://anchorage.craigslist.org/apa/d/anchorage-utterly-wonderful-lovely-800/7506065077.html
2022-07-07 16:02, (Anchorage),You'll love your new home! Come home to Four Seasons,1875,2,1025.0,https://anchorage.craigslist.org/apa/d/anchorage-youll-love-your-new-home-come/7506072438.html
2022-07-07 16:00, (Anchorage),We welcome your furry friends! Pet Friendly! 2 Bd / 2 Ba / 1025 SqFt,1875,2,1025.0,https://anchorage.craigslist.org/apa/d/anchorage-we-welcome-your-furry-friends/7506071794.html
2022-07-07 15:56, (Anchorage),Make yourself at home in comfort and style! 2 Bed / 1 Bath 800 SqFt,1415,2,800.0,https://anchorage.craigslist.org/apa/d/anchorage-make-yourself-at-home-in/7506065622.html
2022-07-07 15:56, (Anchorage),Incredible price! Outstanding 1025 sqft 2 bed / 2 bath! Tour today!,1875,2,1025.0,https://anchorage.craigslist.org/apa/d/anchorage-incredible-price-outstanding/7506070531.html
2022-07-07 15:50, (Anchorage),"Fantastic neighborhood! Great 2 bed, 1 bath, 780 Sq Ft!",1600,2,780.0,https://anchorage.craigslist.org/apa/d/anchorage-fantastic-neighborhood-great/7506068271.html
2022-07-07 15:43, (Anchorage),Enjoy our landscaped courtyard and garden-style setting!,1550,2,780.0,https://anchorage.craigslist.org/apa/d/anchorage-enjoy-our-landscaped/7506065917.html
2022-07-07 15:17, ((Lucille St Schrock Rd Wasilla)),Open Floor Plan Ranch Style Condo 2 Bed 1 Bath,1150,2,1000.0,https://anchorage.craigslist.org/apa/d/wasilla-open-floor-plan-ranch-style/7506056371.html
2022-07-07 15:02, (Anchorage),Happy renters live at The Highlands Luxury Residences! Beautiful community!,2050,1,880.0,https://anchorage.craigslist.org/apa/d/anchorage-happy-renters-live-at-the/7506037174.html
2022-07-07 14:49, (Anchorage),1 bedroom near hospitals and UAA,1200,1,,https://anchorage.craigslist.org/apa/d/anchorage-bedroom-near-hospitals-and-uaa/7506045632.html
2022-07-07 14:41, (Anchorage),"Fantastic neighborhood! Great 2 bed, 1 bath, 780 Sq Ft!",1600,2,780.0,https://anchorage.craigslist.org/apa/d/anchorage-fantastic-neighborhood-great/7506042775.html
2022-07-07 14:03, (Downtown Anchorage),1 bed 1 bath apartment at The Alaskan Apartments,1300,1,650.0,https://anchorage.craigslist.org/apa/d/anchorage-bed-bath-apartment-at-the/7506026983.html
2022-07-07 13:53, (Av. August 23rd),Check us out! Great 1 BD / 1 BA by public transportation. 529 SqFt!,1100,1,529.0,https://anchorage.craigslist.org/apa/d/anchorage-check-us-out-great-bd-ba-by/7506023120.html
2022-07-07 13:43, (Anchorage),Large 2BR w/washer & dryer! AVAILABLE IN JULY,1450,2,1100.0,https://anchorage.craigslist.org/apa/d/anchorage-large-2br-washer-dryer/7502937429.html
2022-07-07 13:30, (Anchorage),Gorgeous 1250 sq ft 2 bed / 2 bath - Prime location in Anchorage,2275,2,1250.0,https://anchorage.craigslist.org/apa/d/anchorage-gorgeous-1250-sq-ft-bed-bath/7506007860.html
2022-07-07 13:29, (Anchorage),Pets are welcome at Terrace on the Lake! 2 bd / 2 ba. Call for tour!,1685,2,920.0,https://anchorage.craigslist.org/apa/d/anchorage-pets-are-welcome-at-terrace/7506004129.html
2022-07-07 12:51, (Close to JBER),Amazing 2 bed 1 bath! Near public transportation and campus,1775,2,975.0,https://anchorage.craigslist.org/apa/d/anchorage-amazing-bed-bath-near-public/7505989462.html
2022-07-07 12:45, (Close to JBER),A picture is worth a thousand words! Check this 2 bed 1 bath out!,2025,2,975.0,https://anchorage.craigslist.org/apa/d/anchorage-picture-is-worth-thousand/7505992411.html
2022-07-07 12:45, (Close to JBER),Conveniently located 1 bed / 1 bath! 547 Sq Ft. Transit close by!,1220,1,547.0,https://anchorage.craigslist.org/apa/d/anchorage-conveniently-located-bed-bath/7505990924.html
2022-07-07 12:30, (Anchorage),location location! nice remodeled 2 Bdrm Apt,1400,2,,https://anchorage.craigslist.org/apa/d/anchorage-location-location-nice/7505981570.html
2022-07-07 12:02, (Anchorage),"Happiness awaits you at Wildwood Estates! 2 bed, 2 bath, 756 sqft!",1610,2,756.0,https://anchorage.craigslist.org/apa/d/anchorage-happiness-awaits-you-at/7505971565.html
2022-07-07 11:54, (Anchorage),"Wildwood Estates â€“ Comfortable 1 bed, 1 bath, prime location!",1340,1,606.0,https://anchorage.craigslist.org/apa/d/anchorage-wildwood-estates-comfortable/7505967722.html
2022-07-07 11:50, (Anchorage),2 BR / 2 BA great for pets! Pet-Friendly Community in Anchorage,1610,2,756.0,https://anchorage.craigslist.org/apa/d/anchorage-br-ba-great-for-pets-pet/7505965776.html
2022-07-07 11:12, (Anchorage),"Comfortable living. Conveniently located, spacious 2 bed 1 bath!",1550,2,950.0,https://anchorage.craigslist.org/apa/d/anchorage-comfortable-living/7499405755.html
2022-07-07 11:11, (UAA and APU),Comfortable 750 sq ft 2 bed / 2 bath with access to transit,1488,2,750.0,https://anchorage.craigslist.org/apa/d/anchorage-comfortable-750-sq-ft-bed/7505934031.html
2022-07-07 11:11, (Anchorage),"Pets are family at Driftwood Apartment Homes! 1 bath, 1 bed! Visit us today!",1125,1,580.0,https://anchorage.craigslist.org/apa/d/anchorage-pets-are-family-at-driftwood/7499842180.html
2022-07-07 11:09, (Anchorage),Garden-style 780 SqFt 1 BR / 1 BA in Anchorage. Visit us today!,1285,1,780.0,https://anchorage.craigslist.org/apa/d/anchorage-garden-style-780-sqft-br-ba/7505941361.html
2022-07-07 11:06, (Minutes from Downtown),"This deal won't last long! Gorgeous 2 bed, 2 bath! Prime location.",1540,2,900.0,https://anchorage.craigslist.org/apa/d/anchorage-this-deal-wont-last-long/7505944190.html
2022-07-07 11:06, (Anchorage),Pet friendly community in Anchorage. 2 BD / 1 BA. Call for tour!,1500,2,865.0,https://anchorage.craigslist.org/apa/d/anchorage-pet-friendly-community-in/7505943937.html
2022-07-07 11:05, (Anchorage),Conveniently located! College campus close by!,1040,,444.0,https://anchorage.craigslist.org/apa/d/anchorage-conveniently-located-college/7505937835.html
2022-07-07 10:59, (Anchorage),"Spacious affordable 530 sq ft, Apartment for rent in Anchorage",1145,,530.0,https://anchorage.craigslist.org/apa/d/anchorage-spacious-affordable-530-sq-ft/7505940142.html
2022-07-07 10:58, (Anchorage),"$250 Off Move in! 2 bd, 1 ba, 840 sq ft. Come home today!",1425,2,840.0,https://anchorage.craigslist.org/apa/d/anchorage-250-off-move-in-bd-ba-840-sq/7505939470.html
2022-07-07 10:54, (Anchorage),Check out these views! You'll love this location and this 1 bd 1 ba!,1212,1,520.0,https://anchorage.craigslist.org/apa/d/anchorage-check-out-these-views-youll/7505930756.html
2022-07-07 10:52, (Anchorage),Chic sophisticated urban living can be yours at Alpine,1270,1,780.0,https://anchorage.craigslist.org/apa/d/anchorage-chic-sophisticated-urban/7505936704.html
2022-07-07 10:43, (Anchorage),Prime location! Amazing floorplans at Village at Calais,1065,1,550.0,https://anchorage.craigslist.org/apa/d/anchorage-prime-location-amazing/7505932044.html
2022-07-07 10:41," (Hillside,  Anchorage)",MOUNTAIN CABIN  *Utilities Paid*,1295,1,,https://anchorage.craigslist.org/apa/d/anchorage-mountain-cabin-utilities-paid/7505930884.html
2022-07-07 10:39, (Anchorage),Your Dog or Cat will love Strawberry Lane! Great for pets!,1600,2,780.0,https://anchorage.craigslist.org/apa/d/anchorage-your-dog-or-cat-will-love/7505929945.html
2022-07-07 09:58, (North Spenard),North Spenard 2 Bed - All Utilities Free - All Hardwood - Free Laundry,1275,2,750.0,https://anchorage.craigslist.org/apa/d/anchorage-north-spenard-bed-all/7505907961.html
2022-07-07 09:53, (South Anchorage),"Dimond & Victor Rd., behind Fred Meyers",1300,2,850.0,https://anchorage.craigslist.org/apa/d/anchorage-dimond-victor-rd-behind-fred/7502720155.html
2022-07-07 09:15, (Anchorage),"Large Westside 3 Br - Near Parks, Trials, and School",2300,3,2200.0,https://anchorage.craigslist.org/apa/d/anchorage-large-westside-br-near-parks/7497084576.html
2022-07-07 09:01, (Anchorage),"$1,450 HUGE 2 BR w/Washer & Dryer in unit ~ coming in July!",1450,2,1100.0,https://anchorage.craigslist.org/apa/d/anchorage-1450-huge-br-washer-dryer-in/7502377710.html
2022-07-07 08:52," (SOUTH ANCHORAGE, INDEPENDENCE PARK)","UPSTAIRS UNIT W/ MTN VIEWS, REMODELED, QUIET NEIGHBORHOOD",1650,2,1064.0,https://anchorage.craigslist.org/apa/d/anchorage-upstairs-unit-mtn-views/7503168912.html
2022-07-07 08:39, (Anchorage - Midtown),Fully Furnished and Ready to Move In Today!,3217,1,,https://anchorage.craigslist.org/apa/d/anchorage-fully-furnished-and-ready-to/7505865230.html
2022-07-07 07:22, (Downtown Anchorage),Furnished 1 bedroom duplex,1350,1,500.0,https://anchorage.craigslist.org/apa/d/anchorage-furnished-bedroom-duplex/7503934067.html
2022-07-07 01:40, (Anchorage),Nice Townhouse Rental with Double Garage,1975,3,,https://anchorage.craigslist.org/apa/d/anchorage-nice-townhouse-rental-with/7505732574.html
2022-07-06 22:43, (Anchorage),"Furnished, all inclusive one bedroom",1800,1,,https://anchorage.craigslist.org/apa/d/anchorage-furnished-all-inclusive-one/7505722112.html
2022-07-06 22:17, (Downtown Anchorage),"/month, $480/week, $260/3days, Budget Downtown Lodging",1100,,,https://anchorage.craigslist.org/apa/d/month-480-week-260-3days-budget/7505719675.html
2022-07-06 21:56, (Wasilla),1 bedroom 1 bath apartment,1000,1,700.0,https://anchorage.craigslist.org/apa/d/wasilla-bedroom-bath-apartment/7501335154.html
2022-07-06 21:46, (Anchorage),Clean and spacious Town Home near U-Med distict,2300,3,1750.0,https://anchorage.craigslist.org/apa/d/anchorage-clean-and-spacious-town-home/7505717193.html
2022-07-06 21:28," (Third Addition, Downtown Anchorage)","Downtown, Top Floor, Views, Remodeled, Private Deck, Sec Bld, Inc Heat",975,1,600.0,https://anchorage.craigslist.org/apa/d/anchorage-downtown-top-floor-views/7505712876.html
2022-07-06 20:53, (Minutes from Downtown),Bright and beautiful 2 bed / 2 bath! Don't wait to call us home!,1885,2,640.0,https://anchorage.craigslist.org/apa/d/anchorage-bright-and-beautiful-bed-bath/7505706813.html
2022-07-06 20:50, (Minutes from Downtown),"Covered Parking, Gas Fireplaces, Juliette Balconies, we have it all",1885,2,640.0,https://anchorage.craigslist.org/apa/d/anchorage-covered-parking-gas/7505706977.html
2022-07-06 19:18, (Girdwood),Girdwood Apt.for lease,1400,1,800.0,https://anchorage.craigslist.org/apa/d/girdwood-girdwood-aptfor-lease/7505696511.html
2022-07-06 18:03, (Taku/Campbell),"MODERN and SPACIOUS, 2 BR Condo with 2 Car Garage and Private Storage",1800,2,1111.0,https://anchorage.craigslist.org/apa/d/anchorage-modern-and-spacious-br-condo/7504600451.html
2022-07-06 17:52, (Midtown),There's no place like home at Alpine!,1425,2,840.0,https://anchorage.craigslist.org/apa/d/anchorage-theres-no-place-like-home-at/7505672106.html
2022-07-06 17:26, (Midtown),Experience a lifestyle of comfort and convenience at Alpine!,1445,2,840.0,https://anchorage.craigslist.org/apa/d/anchorage-experience-lifestyle-of/7505664622.html
2022-07-06 17:17, (Midtown),"Exquisite courtyard, garden-style 2 BR apartment in Anchorage",1425,2,840.0,https://anchorage.craigslist.org/apa/d/anchorage-exquisite-courtyard-garden/7505663242.html
2022-07-06 17:13, (Anchorage),Score yourself this Apartment! 444 Sq Ft! Amazing view!,1040,,444.0,https://anchorage.craigslist.org/apa/d/anchorage-score-yourself-this-apartment/7505654718.html
2022-07-06 17:01, (Anchorage),"Just stunning! Spacious 2 Bed, 1 bath with lots of light",1430,2,865.0,https://anchorage.craigslist.org/apa/d/anchorage-just-stunning-spacious-bed/7505652489.html
2022-07-06 17:00, (Midtown),Garden-style 780 SqFt 1 BR / 1 BA in Anchorage. Visit us today!,1270,1,780.0,https://anchorage.craigslist.org/apa/d/anchorage-garden-style-780-sqft-br-ba/7505661195.html
2022-07-06 16:53, (Anchorage),"Studio Rare Downtown, Heat and Internet Included, Near Everything",1000,,300.0,https://anchorage.craigslist.org/apa/d/anchorage-studio-rare-downtown-heat-and/7505658998.html
2022-07-06 16:50, (Anchorage),location location! nice remodeled 2 Bdrm Apt,1400,2,,https://anchorage.craigslist.org/apa/d/anchorage-location-location-nice/7505654430.html
2022-07-06 16:42, (Anchorage),"1 Bedroom, Internet and Heat Included, Downtown Rare Apt Home",1400,1,550.0,https://anchorage.craigslist.org/apa/d/anchorage-bedroom-internet-and-heat/7505655469.html
2022-07-06 16:21, (Big Lake/Wasilla),Lake House 2BR 1BA,2450,2,1100.0,https://anchorage.craigslist.org/apa/d/wasilla-lake-house-2br-1ba/7505648391.html
2022-07-06 16:17, (Downtown Anchorage),~*~ Exceptional Studio with Washer & Dryer. Garage Parking. August 11,1410,,498.0,https://anchorage.craigslist.org/apa/d/anchorage-exceptional-studio-with/7505646948.html
2022-07-06 16:13, (Anchorage),Convenient public transit access! Great community!,1110,1,529.0,https://anchorage.craigslist.org/apa/d/anchorage-convenient-public-transit/7502938377.html
2022-07-06 16:02, (Anchorage),"Wonderful Town Home Near U-Med District, Available Now!",2400,3,1850.0,https://anchorage.craigslist.org/apa/d/anchorage-wonderful-town-home-near-med/7505641831.html
2022-07-06 15:25, (North Spenard),2 Bed - All Hardwood - Free Utilities - Free Laundry,1250,2,750.0,https://anchorage.craigslist.org/apa/d/anchorage-bed-all-hardwood-free/7505628486.html
2022-07-06 15:18, (Russian Jack Park),Convenient easy maintenance vinyl flooring,1200,1,504.0,https://anchorage.craigslist.org/apa/d/anchorage-convenient-easy-maintenance/7505625973.html
2022-07-06 14:15, (Wasilla),2BR 1BA Garage W/D  View Pets on Apprv Wasilla,1475,2,1150.0,https://anchorage.craigslist.org/apa/d/wasilla-2br-1ba-garage-d-view-pets-on/7505601188.html
2022-07-06 14:11, (Midtown),One bed/One Bath 2nd floor w/balcony,950,1,600.0,https://anchorage.craigslist.org/apa/d/anchorage-one-bed-one-bath-2nd-floor/7505599444.html
2022-07-06 13:07, (Anchorage),Save on Gas! Great 2 Bd Apt at Convenient Location,1400,2,850.0,https://anchorage.craigslist.org/apa/d/anchorage-save-on-gas-great-bd-apt-at/7505570866.html
2022-07-06 12:49, (UAA and APU),Well-equipped kitchen! Dishwasher included! Susitna Ridge Apartment Homes,1488,2,750.0,https://anchorage.craigslist.org/apa/d/anchorage-well-equipped-kitchen/7505562183.html
2022-07-06 12:24, (Tikahtnu Commons),Cozy 2 BD / 1 BA complete with a private washer and dryer!,1550,2,780.0,https://anchorage.craigslist.org/apa/d/anchorage-cozy-bd-ba-complete-with/7505530916.html
2022-07-06 12:18, (Anchorage),"It's a wonderful life at Russian Jack Apartment Homes! 1 Bed, 1 Bath, 500 SqFt!",1190,1,500.0,https://anchorage.craigslist.org/apa/d/anchorage-its-wonderful-life-at-russian/7505547270.html
2022-07-06 12:00, (JBER),Check out our 2 bed / 1 bath. Every convenience your heart desires!,1550,2,780.0,https://anchorage.craigslist.org/apa/d/anchorage-check-out-our-bed-bath-every/7505529888.html
2022-07-06 11:58, (Wasilla),Detached 4plex near Redington,1400,3,1200.0,https://anchorage.craigslist.org/apa/d/wasilla-detached-4plex-near-redington/7505536309.html
2022-07-06 11:57, (Wasilla),Upper unit of 4 plex,850,1,520.0,https://anchorage.craigslist.org/apa/d/wasilla-upper-unit-of-plex/7505536265.html
2022-07-06 11:57, (Wasilla),Duplex in Wasilla,2250,3,1750.0,https://anchorage.craigslist.org/apa/d/wasilla-duplex-in-wasilla/7505536090.html
2022-07-06 11:56, (JBER),"Let us help you find your next home! Check out this 2 bed, 1 bath!",1415,2,800.0,https://anchorage.craigslist.org/apa/d/anchorage-let-us-help-you-find-your/7505527912.html
2022-07-06 11:46, (Anchorage),Beautiful 3 Bedroom Home w/ Large Fenced Backyard! Avail 8/2,2700,3,1894.0,https://anchorage.craigslist.org/apa/d/anchorage-beautiful-bedroom-home-large/7505530875.html
2022-07-06 11:42, (Tikahntnu Commons),"2 BR, 1 BA. Bring your pets! They will love it here! Visit us today!",1415,2,800.0,https://anchorage.craigslist.org/apa/d/anchorage-br-ba-bring-your-pets-they/7505528768.html
2022-07-06 11:40, (Anchorage),Nicely Upgraded 2 Bedroom Unit! Available July 26,1700,2,1100.0,https://anchorage.craigslist.org/apa/d/anchorage-nicely-upgraded-bedroom-unit/7505528085.html
2022-07-06 11:36, (Anchorage),"Pets are family at Driftwood Apartment Homes! 1 bath, 1 bed! Visit us today!",1125,1,580.0,https://anchorage.craigslist.org/apa/d/anchorage-pets-are-family-at-driftwood/7493982226.html
2022-07-06 11:35, (Anchorage),"Quality 2 bed, 1 bath with the amenities you desire! 950 Sq Feet!",1550,2,950.0,https://anchorage.craigslist.org/apa/d/anchorage-quality-bed-bath-with-the/7493984480.html
2022-07-06 11:31, (Near Campbell Park),Bright and beautiful 1 bed / 1 bath! Don't wait to call us home!,1235,1,728.0,https://anchorage.craigslist.org/apa/d/anchorage-bright-and-beautiful-bed-bath/7505517218.html
2022-07-06 11:29, (Minutes from Downtown),Is this too good to be true? The perfect location in Anchorage,1540,2,900.0,https://anchorage.craigslist.org/apa/d/anchorage-is-this-too-good-to-be-true/7505522411.html
2022-07-06 11:26, (South Anchorage),"Dimond & Victor Rd., behind Fred Meyers",1300,2,850.0,https://anchorage.craigslist.org/apa/d/anchorage-dimond-victor-rd-behind-fred/7503646720.html
2022-07-06 11:24, (Near UAA and APU),"For an amazing 2 BR near campus, look no further! Steps to the college",1515,2,900.0,https://anchorage.craigslist.org/apa/d/anchorage-for-an-amazing-br-near-campus/7505519683.html
2022-07-06 11:09, (Close to UAA),A great place to kick back and relax! Beautiful neighborhood!,1260,1,572.0,https://anchorage.craigslist.org/apa/d/anchorage-great-place-to-kick-back-and/7505498726.html
2022-07-06 11:03, (Anchorage),Beautiful 2 Bedroom Upstairs Unit!,1700,2,1100.0,https://anchorage.craigslist.org/apa/d/anchorage-beautiful-bedroom-upstairs/7505508572.html
2022-07-06 10:59, (Anchorage),3 Bedroom East Anchorage Condo across from Cheney Lake!,1650,2,1206.0,https://anchorage.craigslist.org/apa/d/anchorage-bedroom-east-anchorage-condo/7505506289.html
2022-07-06 10:45, (Anchorage),Village at Calais - Magnificent amenities. Great location.,1075,1,550.0,https://anchorage.craigslist.org/apa/d/anchorage-village-at-calais-magnificent/7505498893.html
2022-07-06 10:35, (Nunaka Valley),small house in East Anchorage,1500,2,800.0,https://anchorage.craigslist.org/apa/d/anchorage-small-house-in-east-anchorage/7498713203.html
2022-07-06 10:32, (16820 Coronado Rd),1BR! Coronado Park Senior Village // PET Friendly //,805,1,685.0,https://anchorage.craigslist.org/apa/d/jber-1br-coronado-park-senior-village/7499135402.html
2022-07-06 10:28, (Anchorage),Downtown! Great neighborhood! Big Yard & Attached Garage!,1600,2,1000.0,https://anchorage.craigslist.org/apa/d/anchorage-downtown-great-neighborhood/7505482611.html
2022-07-06 10:24, (Anchorage),Downtown Coastal Trail Westchester Lagoon 1 bdrm furnished,1400,1,600.0,https://anchorage.craigslist.org/apa/d/anchorage-downtown-coastal-trail/7497141540.html
2022-07-06 10:18, (Eagle River),"Townhome 2 BR, 2 BA with Attached Garage // Eagle River",1600,2,1070.0,https://anchorage.craigslist.org/apa/d/jber-townhome-br-ba-with-attached/7499143729.html
2022-07-06 10:09, (East Anchorage),Lovely and Pet Friendly! W/D in unit - East Anchorage,760,1,593.0,https://anchorage.craigslist.org/apa/d/anchorage-lovely-and-pet-friendly-d-in/7499134388.html
2022-07-06 10:03, (Mountain View),Beautiful 3 Bedroom Townhome Style Apartments,1175,3,1679.0,https://anchorage.craigslist.org/apa/d/anchorage-beautiful-bedroom-townhome/7499138024.html
2022-07-06 10:02, (Downtown Anchorage),Rustic Apartment Downtown and Pet Friendly!,1025,1,550.0,https://anchorage.craigslist.org/apa/d/anchorage-rustic-apartment-downtown-and/7499547469.html
2022-07-06 10:02, (11322 Grand Canyon Loop),Eagle River / Coronado Park Townhomes 3BR 2BA 2Car Garage! Must See!,1700,3,1243.0,https://anchorage.craigslist.org/apa/d/jber-eagle-river-coronado-park/7499146759.html
2022-07-06 10:02, (Ninilchik),Ninilchik House & Pet Friendly! Quiet and Peaceful Place to Live!,0,1,604.0,https://anchorage.craigslist.org/apa/d/clam-gulch-ninilchik-house-pet-friendly/7499139520.html
2022-07-06 10:01, (East Anchorage),East / 1BR / **Active Senior Living 55+ Woven House,815,1,634.0,https://anchorage.craigslist.org/apa/d/anchorage-east-1br-active-senior-living/7499136034.html
2022-07-06 10:01, (Downtown Anchorage),>>Qanchi Place<<  Downtown - 1BR! Available Now!,1050,1,450.0,https://anchorage.craigslist.org/apa/d/anchorage-qanchi-place-downtown-1br/7500743236.html
2022-07-06 09:59, (East Anchorage),Beautiful 1BR For Seniors 55 + / Chickaloon Landing / Pet Friendly!,0,1,581.0,https://anchorage.craigslist.org/apa/d/anchorage-beautiful-1br-for-seniors-55/7499136717.html
2022-07-06 09:48, (733 Hyder St),Downtown Studio,725,,,https://anchorage.craigslist.org/apa/d/anchorage-downtown-studio/7502416697.html
2022-07-06 09:38, (anchorage),Large 1BDR available Mid-August,995,1,700.0,https://anchorage.craigslist.org/apa/d/anchorage-large-1bdr-available-mid/7505461923.html
2022-07-06 09:34, (Anchorage),Large 1BDR unit available mid-August,995,1,700.0,https://anchorage.craigslist.org/apa/d/anchorage-large-1bdr-unit-available-mid/7497399027.html
2022-07-06 09:33, (anchorage),Large 1BDR available Mid July,995,1,700.0,https://anchorage.craigslist.org/apa/d/anchorage-large-1bdr-available-mid-july/7497401921.html
2022-07-06 09:10, (Chugiak),20909 Alluvial Street- Available January 11th,1695,1,828.0,https://anchorage.craigslist.org/apa/d/chugiak-alluvial-street-available/7505446446.html
2022-07-06 09:02, (West Anchorage),"Coming in July ~ 2nd floor, washer/dryer in unit!",1450,2,1100.0,https://anchorage.craigslist.org/apa/d/anchorage-coming-in-july-2nd-floor/7502290805.html
2022-07-06 08:59, (Eagle River),9162 Eagle River Lane,2695,4,2402.0,https://anchorage.craigslist.org/apa/d/jber-9162-eagle-river-lane/7505439950.html
2022-07-06 06:29, (University/Medical),Awesome Deal - 3 bedroom house for rent,2199,3,1200.0,https://anchorage.craigslist.org/apa/d/anchorage-awesome-deal-bedroom-house/7505358803.html
2022-07-06 02:40, (Anchorage / Spenard),*FURNISHED* Spacious 2Bed,2250,2,1000.0,https://anchorage.craigslist.org/apa/d/anchorage-furnished-spacious-2bed/7505297379.html
2022-07-06 01:40, (Campbell Lake),3bed Townhouse w/ view,2450,3,1450.0,https://anchorage.craigslist.org/apa/d/anchorage-3bed-townhouse-view/7503793310.html
2022-07-06 01:40, (Campbell Lake),2bed Townhouse w/ view,1950,2,1300.0,https://anchorage.craigslist.org/apa/d/anchorage-2bed-townhouse-view/7503800648.html
2022-07-05 20:48, (3416-B Seppala  Dr),"2 br 1 ba. Turnagain  $1,250.00",1250,2,900.0,https://anchorage.craigslist.org/apa/d/anchorage-br-ba-turnagain/7505270742.html
2022-07-05 20:40, (Anchorage),location location! nice remodeled 2 Bdrm Apt,1400,2,,https://anchorage.craigslist.org/apa/d/anchorage-location-location-nice/7505269695.html
2022-07-05 19:34, (Independence Park),Furnished 4 Bedroom House in Independence Park - 2 Car Garage :),3000,4,1838.0,https://anchorage.craigslist.org/apa/d/anchorage-furnished-bedroom-house-in/7505258148.html
2022-07-05 18:45, (West Anchorage/Spenard),"Hillcrest Condos - Convenient, comfortable near West HS, Franz Bakery",1200,1,610.0,https://anchorage.craigslist.org/apa/d/anchorage-hillcrest-condos-convenient/7493726377.html
2022-07-05 17:56, (Tikahntnu Commons),We have the perfect 2 bed 1 bath for you and your pets! Tour today!,1415,2,800.0,https://anchorage.craigslist.org/apa/d/anchorage-we-have-the-perfect-bed-bath/7505223424.html
2022-07-05 17:43," (Eagle River, AK)",20658 Mountainside Drive,2900,3,,https://anchorage.craigslist.org/apa/d/jber-mountainside-drive/7505231563.html
2022-07-05 17:40, (Tikahtnu Commons),"Comfortable 780 sq ft 2 bd, 1 ba for all your needs. Call us now!",1550,2,780.0,https://anchorage.craigslist.org/apa/d/anchorage-comfortable-780-sq-ft-bd-ba/7505222421.html
2022-07-05 17:34, (Anchorage),Security and peace of mind! Controlled Access Community,1415,2,800.0,https://anchorage.craigslist.org/apa/d/anchorage-security-and-peace-of-mind/7505222635.html
2022-07-05 17:34, (Near Campbell Park),"Live in your dream home at Quiet Creek Apartment Homes! 1 Bd/1 ba, 728 SqFt",1235,1,728.0,https://anchorage.craigslist.org/apa/d/anchorage-live-in-your-dream-home-at/7505228804.html
2022-07-05 17:33," (Anchorage, AK)",5215 E 26th Avenue #7,975,1,,https://anchorage.craigslist.org/apa/d/anchorage-5215-26th-avenue/7505228710.html
2022-07-05 17:27, (Near UAA and APU),Simply breath-taking! Beautifully designed 2 BR/1 BA - just for you,1515,2,900.0,https://anchorage.craigslist.org/apa/d/anchorage-simply-breath-taking/7505226978.html
2022-07-05 17:27, (Anchorage),"Comfortable 780 sq ft 2 bd, 1 ba for all your needs. Call us now!",1550,2,780.0,https://anchorage.craigslist.org/apa/d/anchorage-comfortable-780-sq-ft-bd-ba/7505220006.html
2022-07-05 17:25," (Wasilla, AK)",4821 S Binnacle Drive #2,1495,3,,https://anchorage.craigslist.org/apa/d/wasilla-4821-binnacle-drive/7505226497.html
2022-07-05 17:24, (Dowling),Looking for the ideal 1 bed / 1 bath? Check out Alpine!,1290,1,780.0,https://anchorage.craigslist.org/apa/d/anchorage-looking-for-the-ideal-bed/7505221034.html
2022-07-05 17:18," (Anchorage, AK)",8020 Greenwood Street #6,1175,2,,https://anchorage.craigslist.org/apa/d/anchorage-8020-greenwood-street/7505224170.html
2022-07-05 17:17, (Anchorage),"Walking distance to stores, bus line, and walking paths!",1120,1,529.0,https://anchorage.craigslist.org/apa/d/anchorage-walking-distance-to-stores/7502407768.html
2022-07-05 17:10, (Anchorage),Spunky 3 bedroom 2.5 bath condo near JBER & Tukahtnu. Call today!,2100,3,,https://anchorage.craigslist.org/apa/d/anchorage-spunky-bedroom-25-bath-condo/7505221831.html
2022-07-05 17:10," (Anchorage, AK)",8020 Greenwood Street #8,975,1,,https://anchorage.craigslist.org/apa/d/anchorage-8020-greenwood-street/7505221834.html
2022-07-05 17:09, (1405 W 27th Ave. #401)),Fantastic Midtown Heat Paid!! 2 BR,1350,2,818.0,https://anchorage.craigslist.org/apa/d/anchorage-fantastic-midtown-heat-paid-br/7505221448.html
2022-07-05 17:02, (Dowling),"Your dream 2 bed, 1 bath is closer than you think! Call now!",1425,2,840.0,https://anchorage.craigslist.org/apa/d/anchorage-your-dream-bed-bath-is-closer/7505213613.html
2022-07-05 16:49, (Dowling),"Your dream 2 bed, 1 bath is closer than you think! Call now!",1410,2,840.0,https://anchorage.craigslist.org/apa/d/anchorage-your-dream-bed-bath-is-closer/7505214793.html
2022-07-05 16:36, (Midtown),Beautiful grounds are waiting for you at Alpine,1270,1,780.0,https://anchorage.craigslist.org/apa/d/anchorage-beautiful-grounds-are-waiting/7505210606.html
2022-07-05 16:32, (Dowling),Simply amazing location! The best of urban living! Apartment!,1040,,444.0,https://anchorage.craigslist.org/apa/d/anchorage-simply-amazing-location-the/7505209174.html
2022-07-05 16:06," (Wasilla, AK)",SCAM LISTING,0,,,https://anchorage.craigslist.org/apa/d/wasilla-scam-listing/7505199363.html
2022-07-05 15:52, (Russian Jack Park),"Within walking distance to the campus, great location!",1400,2,1008.0,https://anchorage.craigslist.org/apa/d/anchorage-within-walking-distance-to/7505194706.html
2022-07-05 15:50, (Big Lake),2 bedroom home with open floor plan(Tracy),1050,2,675.0,https://anchorage.craigslist.org/apa/d/wasilla-bedroom-home-with-open-floor/7505194132.html
2022-07-05 14:01, (Minutes from Downtown),Magnificent views await you at Taiga Apartment Homes,1540,2,900.0,https://anchorage.craigslist.org/apa/d/anchorage-magnificent-views-await-you/7505149206.html
2022-07-05 13:55, (3550 W Dimond Blvd - Anchorage),Stunning Fully Furnished Executive Condo *INCLUDES UTILITIES & CABLE*,1650,2,900.0,https://anchorage.craigslist.org/apa/d/anchorage-stunning-fully-furnished/7505146451.html
2022-07-05 13:49, (Anchorage),Very Large 2BR ~ Available in July,1450,2,1100.0,https://anchorage.craigslist.org/apa/d/anchorage-very-large-2br-available-in/7503133164.html
2022-07-05 13:04, (Anchorage),"It's a wonderful life at Russian Jack Apartment Homes! 1 Bed, 1 Bath, 500 SqFt!",1190,1,500.0,https://anchorage.craigslist.org/apa/d/anchorage-its-wonderful-life-at-russian/7505121859.html
2022-07-05 12:29, (Downtown),Huge Top Floor 3Bed/2Bath Apartment - Downtown all Utilities Included!,2250,3,2000.0,https://anchorage.craigslist.org/apa/d/anchorage-huge-top-floor-3bed-2bath/7505104553.html
2022-07-05 11:57, (Anchorage),Downtown 1 block from Westchester Lagoon,1400,1,600.0,https://anchorage.craigslist.org/apa/d/anchorage-downtown-block-from/7504000801.html
2022-07-05 11:56, (Anchorage),Downtown Rental,3150,,,https://anchorage.craigslist.org/apa/d/anchorage-downtown-rental/7505086888.html
2022-07-05 11:26, (8040 Boundary Ave),Nice 3 Bedroom Apartment Available Now!!!,1350,3,,https://anchorage.craigslist.org/apa/d/anchorage-nice-bedroom-apartment/7503632329.html
2022-07-05 11:07, (Close to UAA),"This deal won't last long! Gorgeous 2 bed, 1 bath! Prime location.",1210,2,574.0,https://anchorage.craigslist.org/apa/d/anchorage-this-deal-wont-last-long/7505044737.html
2022-07-05 10:55, (UAA and APU),"All the comforts of home - at a great low price! 2 bed, 1 bath!",1410,2,680.0,https://anchorage.craigslist.org/apa/d/anchorage-all-the-comforts-of-home-at/7505047464.html
2022-07-05 10:25, (Anchorage),"1 Bdr, Downtown, Rare, Includes Internet & Heat",1400,1,550.0,https://anchorage.craigslist.org/apa/d/anchorage-bdr-downtown-rare-includes/7505037348.html
2022-07-05 10:14, (Independence Park off Vanguard Dr.),"ig> 2 Bedroom 1 Bath, Fireplace, Large Private Deck, Pantry",1225,2,685.0,https://anchorage.craigslist.org/apa/d/anchorage-ig-bedroom-bath-fireplace/7500710459.html
2022-07-05 10:14, (Independence Park off Vanguard Dr.),"One Bedroom 1 Bath unit- Fireplace, Large Private deck",1095,1,495.0,https://anchorage.craigslist.org/apa/d/anchorage-one-bedroom-bath-unit/7503568022.html
2022-07-05 10:14, (Independence Park off Vanguard Dr.),"LG One Bedroom 1 Bath unit- Fireplace, Large Private deck",1145,1,570.0,https://anchorage.craigslist.org/apa/d/anchorage-lg-one-bedroom-bath-unit/7500719426.html
2022-07-05 10:14, (Anchorage),1 Bedroom 1 Bath unit with Gas Fireplace and Large Deck,1095,1,495.0,https://anchorage.craigslist.org/apa/d/anchorage-bedroom-bath-unit-with-gas/7500726888.html
2022-07-05 10:14, (Independence Park off Vanguard Dr.),"LG One Bedroom 1 Bath unit- Fireplace, Large Private deck",1145,1,570.0,https://anchorage.craigslist.org/apa/d/anchorage-lg-one-bedroom-bath-unit/7503569920.html
2022-07-05 09:56, (Anchorage),4 Bedroom South Anchorage Condo w/ Fenced Yard!,2100,4,1528.0,https://anchorage.craigslist.org/apa/d/anchorage-bedroom-south-anchorage-condo/7502044135.html
2022-07-05 09:56, (Anchorage),2 Bedroom Condo close to JBER!,1150,2,808.0,https://anchorage.craigslist.org/apa/d/anchorage-bedroom-condo-close-to-jber/7501929526.html
2022-07-05 09:31, (Indian),"Cabin for rent, caretaker wanted",567,1,324.0,https://anchorage.craigslist.org/apa/d/indian-cabin-for-rent-caretaker-wanted/7505006416.html
2022-07-05 09:30, (South Anchorage),"Dimond & Victor Rd., behind Fred Meyers",1300,2,850.0,https://anchorage.craigslist.org/apa/d/anchorage-dimond-victor-rd-behind-fred/7503194204.html
2022-07-05 09:17, (Anchorage),Short term - Cute 2 Bedroom House on the Sunny West Side w/ Yard,1200,2,,https://anchorage.craigslist.org/apa/d/anchorage-short-term-cute-bedroom-house/7504991077.html
2022-07-05 09:11, (Anchorage),"Rare Downton Studio, Internet and Heat Included",1000,,350.0,https://anchorage.craigslist.org/apa/d/anchorage-rare-downton-studio-internet/7500781122.html
2022-07-05 09:04, (Wasilla),"What a great place to live! 1 bd, 1 ba",1130,1,590.0,https://anchorage.craigslist.org/apa/d/wasilla-what-great-place-to-live-bd-ba/7504991118.html
2022-07-05 08:59, (Eagle River),19920 Driftwood Bay- Available July 5th,2495,3,2000.0,https://anchorage.craigslist.org/apa/d/jber-driftwood-bay-available-july-5th/7504987929.html
2022-07-05 07:48, (MIDTOWN Anchorage),Furnished 2BR 1BA Inlaw Suite $1950 incl util,1950,2,800.0,https://anchorage.craigslist.org/apa/d/anchorage-furnished-2br-1ba-inlaw-suite/7504016142.html
2022-07-05 07:48, (MIDTOWN Anchorage),$1250 Cozy Furnished Inlaw Suite,1250,1,200.0,https://anchorage.craigslist.org/apa/d/anchorage-1250-cozy-furnished-inlaw/7504020803.html
2022-07-05 06:02, (Midtown/Airport),Excellent Apartment for Rent,1450,2,800.0,https://anchorage.craigslist.org/apa/d/anchorage-excellent-apartment-for-rent/7504896071.html
2022-07-04 17:36, (Dimond),Southside mobile home in Dimond Estates,1250,2,1100.0,https://anchorage.craigslist.org/apa/d/anchorage-southside-mobile-home-in/7504796236.html
2022-07-04 08:12, (Midtown Anchorage),$1150 Cozy Furnished Inlaw Suite 1 BR Private Bath & Entrance,1150,1,200.0,https://anchorage.craigslist.org/apa/d/anchorage-1150-cozy-furnished-inlaw/7499538870.html
2022-07-04 08:10, (MIDTOWN Anchorage),$1950 FURNISHED 2BR 1BA Inlaw Suite,1950,2,900.0,https://anchorage.craigslist.org/apa/d/anchorage-1950-furnished-2br-1ba-inlaw/7499542042.html
2022-07-03 23:41, (Wasilla),Fully furnished rental property in the heart of Wasilla!,1450,1,900.0,https://anchorage.craigslist.org/apa/d/wasilla-fully-furnished-rental-property/7504509815.html
2022-07-03 17:40, (Anchorage),Bright 4 Bed 2 Bath with fenced yard and garage,2500,3,1600.0,https://anchorage.craigslist.org/apa/d/anchorage-bright-bed-bath-with-fenced/7504465290.html
2022-07-03 17:23, (Anchorage),Turnagain 2 Bedroom Available NOW,1085,2,650.0,https://anchorage.craigslist.org/apa/d/anchorage-turnagain-bedroom-available/7504461577.html
2022-07-03 16:00, (Anchorage - Southside),"MODERN and SPACIOUS, 2 BR Condo with 2 Car Garage and Private Storage",1800,2,1111.0,https://anchorage.craigslist.org/apa/d/anchorage-modern-and-spacious-br-condo/7501995022.html
2022-07-03 13:54, (Chugach Foothills),Fantastic 2 br 2 bath 2 car garage fenced yard.,1950,2,1050.0,https://anchorage.craigslist.org/apa/d/anchorage-fantastic-br-bath-car-garage/7504400275.html
2022-07-03 13:52, (Mountain View),Top Floor Three Bedroom Apartment Close to Military Base Access,1400,3,900.0,https://anchorage.craigslist.org/apa/d/anchorage-top-floor-three-bedroom/7497988102.html
2022-07-03 13:52," (Midtown, Old Seward Highway)",Midtown Two Bedroom in a well kept four-plex,1200,2,,https://anchorage.craigslist.org/apa/d/anchorage-midtown-two-bedroom-in-well/7495965165.html
2022-07-03 13:52, (Turnagain),Two Bedroom Corner/End Unit with Utilities Included,1100,2,,https://anchorage.craigslist.org/apa/d/anchorage-two-bedroom-corner-end-unit/7495962266.html
2022-07-03 12:00, (Downtown Anchorage),"/month, $480/week, $270/3days, Budget Downtown Lodging",1100,,,https://anchorage.craigslist.org/apa/d/month-480-week-270-3days-budget/7504362117.html
2022-07-03 05:07, (Downtown Anchorage),Downtown Executive Condo. Fully furnished,2250,2,1100.0,https://anchorage.craigslist.org/apa/d/anchorage-downtown-executive-condo/7504216565.html
2022-07-03 04:48, (Downtown Anchorage),Downtown Executive Condo. Fully furnished,2075,2,1000.0,https://anchorage.craigslist.org/apa/d/anchorage-downtown-executive-condo/7504212864.html
2022-07-02 21:07, (Wasilla),4 Beds 2 Baths House,2800,4,1694.0,https://anchorage.craigslist.org/apa/d/wasilla-beds-baths-house/7504176564.html
2022-07-02 11:35, (Sand Lake),"Near Airport, Utilites Included, Pets on Approval",1900,2,1400.0,https://anchorage.craigslist.org/apa/d/anchorage-near-airport-utilites/7504021003.html
2022-07-02 11:19, (Anchorage),Beautiful west side condo,1550,2,900.0,https://anchorage.craigslist.org/apa/d/anchorage-beautiful-west-side-condo/7504013783.html
2022-07-02 10:33, (Downtown Anchorage),"/month, $480/week, $270/3days, Budget Downtown Lodging",1100,,,https://anchorage.craigslist.org/apa/d/month-480-week-270-3days-budget/7503987331.html
2022-07-02 09:07, (Wasilla),Fully furnished House,1200,2,1000.0,https://anchorage.craigslist.org/apa/d/wasilla-fully-furnished-house/7503950601.html
2022-07-01 19:08, (Anchorage),Free wifi apartment for rent,1300,2,950.0,https://anchorage.craigslist.org/apa/d/anchorage-free-wifi-apartment-for-rent/7503776097.html
2022-07-01 16:50, (Anchorage),Enjoy No One Above You!,1135,1,529.0,https://anchorage.craigslist.org/apa/d/anchorage-enjoy-no-one-above-you/7503750113.html
2022-07-01 16:27, (Big Lake),1 BEDROOM APT. DOWNTOWN BIG LAKE,1000,1,672.0,https://anchorage.craigslist.org/apa/d/wasilla-bedroom-apt-downtown-big-lake/7491492077.html
2022-07-01 15:56, (Anchorage),Delightful 1 bed / 1 bath in Anchorage. 611 Sq Ft. Great value!,1135,1,611.0,https://anchorage.craigslist.org/apa/d/anchorage-delightful-bed-bath-in/7503732699.html
2022-07-01 15:52, (Anchorage (East)),"Garage, Fireplace, Yard, Pets ok",1550,2,725.0,https://anchorage.craigslist.org/apa/d/anchorage-garage-fireplace-yard-pets-ok/7503730384.html
2022-07-01 14:23, (725 W 22nd Avenue),Three Bedroom Duplex unit for lease,2250,3,1760.0,https://anchorage.craigslist.org/apa/d/anchorage-three-bedroom-duplex-unit-for/7503699052.html
2022-07-01 13:19, (U-Med  anchorage),Get out of the Box FURNISHED,1450,1,,https://anchorage.craigslist.org/apa/d/anchorage-get-out-of-the-box-furnished/7500939813.html
2022-07-01 11:30, (Fairview),**Very nice sunny lower story apartment++ with new flooring!!!,999,2,800.0,https://anchorage.craigslist.org/apa/d/anchorage-very-nice-sunny-lower-story/7503597071.html
2022-07-01 11:27, (Near UAA and APU),Amazing 1 bed / 1 bath close to college campus! Check us out!,1195,1,650.0,https://anchorage.craigslist.org/apa/d/anchorage-amazing-bed-bath-close-to/7503620697.html
2022-07-01 11:26, (Near Campbell Park),"Comfortable 1 bed, 1 bath for an amazing price! Stop by today!",1235,1,728.0,https://anchorage.craigslist.org/apa/d/anchorage-comfortable-bed-bath-for-an/7503613704.html
2022-07-01 11:13, (Anchorage),"Your Pet is Welcome at Terrace on the Lake! Pet-Friendly 2 bed, 2 bath!",1695,2,920.0,https://anchorage.craigslist.org/apa/d/anchorage-your-pet-is-welcome-at/7503602639.html
2022-07-01 10:50, (Anchorage),"Fabulous 750 sq ft 2 bed, 2 bath in sought-after Anchorage area",1488,2,750.0,https://anchorage.craigslist.org/apa/d/anchorage-fabulous-750-sq-ft-bed-bath/7503596777.html
2022-07-01 10:41, (Anchorage),"The prime location you've been waiting for! Beautiful 1 bed, 1 bath!",1005,1,550.0,https://anchorage.craigslist.org/apa/d/anchorage-the-prime-location-youve-been/7503597710.html
2022-07-01 10:39, (Close to UAA),Enjoy the best in off campus living at a great price! 2 bed / 1 bath,1210,2,574.0,https://anchorage.craigslist.org/apa/d/anchorage-enjoy-the-best-in-off-campus/7503596596.html
2022-07-01 10:22, (Anchorage),See what our residents are raving about! Conifer Grove Apartment Homes,1430,2,865.0,https://anchorage.craigslist.org/apa/d/anchorage-see-what-our-residents-are/7503587903.html
2022-07-01 07:31, (Wasilla),Three bed two bath,1750,3,1300.0,https://anchorage.craigslist.org/apa/d/wasilla-three-bed-two-bath/7503497727.html
2022-06-30 18:54, (Downtown Anchorage),"/month, $440/week, $240/3days, Budget Downtown Lodging",1100,,,https://anchorage.craigslist.org/apa/d/month-440-week-240-3days-budget/7503359143.html
2022-06-30 17:29, (Anchorage),"Let us show you the home of your dreams! Tour our 2 Bed, 2 bath!",1685,2,920.0,https://anchorage.craigslist.org/apa/d/anchorage-let-us-show-you-the-home-of/7503341324.html
2022-06-30 16:52, (Anchorage),"3 Bdrm, 2 Bath Condo for Rent",1800,3,1250.0,https://anchorage.craigslist.org/apa/d/anchorage-bdrm-bath-condo-for-rent/7503331036.html
2022-06-30 16:51, (5830 E Columbus Way #5 Wasilla),1BR 1BA Apt. in great commute location!,795,1,450.0,https://anchorage.craigslist.org/apa/d/wasilla-1br-1ba-apt-in-great-commute/7503330727.html
2022-06-30 16:33, (Palmer),Large 4 bedroom home on Joan of Arc,1950,4,1893.0,https://anchorage.craigslist.org/apa/d/palmer-large-bedroom-home-on-joan-of-arc/7503325517.html
2022-06-30 15:53, (Wasilla),"beautiful HOME for RENT, COZY,PET FRIENDLY",1300,1,750.0,https://anchorage.craigslist.org/apa/d/wasilla-beautiful-home-for-rent-cozypet/7503313370.html
2022-06-30 14:42, (UAA | 1.2 miles),Amazing 2 bed 1 bath! Near hospitals and campus,1605,2,954.0,https://anchorage.craigslist.org/apa/d/anchorage-amazing-bed-bath-near/7503288737.html
2022-06-30 12:24, (Anchorage),Fix it fast! Maintenance on site will take care of you! Great service,1330,2,525.0,https://anchorage.craigslist.org/apa/d/anchorage-fix-it-fast-maintenance-on/7503232396.html
2022-06-30 12:04, (Near Campbell Park),Wow! This 1 Bedroom is simply stunning! Visit today! 728 Sq Ft!,1235,1,728.0,https://anchorage.craigslist.org/apa/d/anchorage-wow-this-bedroom-is-simply/7503207071.html
2022-06-30 11:26, (Near UAA and APU),"Happiness awaits you at Deer Park Apartment Homes! 2 bed, 1 bath, 900 sqft!",1515,2,900.0,https://anchorage.craigslist.org/apa/d/anchorage-happiness-awaits-you-at-deer/7503205453.html
2022-06-30 11:06, (16820 Coronado Street),Eagle River // Coronado Park Senior Village // PET Friendly,1150,1,685.0,https://anchorage.craigslist.org/apa/d/jber-eagle-river-coronado-park-senior/7490611013.html
2022-06-30 10:57, (Anchorage),"For an amazing 1 BR near campus, look no further! Steps to the college",1212,1,520.0,https://anchorage.craigslist.org/apa/d/anchorage-for-an-amazing-br-near-campus/7503191113.html
2022-06-30 10:50, (Anchorage Alaska Midtown),Furnished Studio - Great Monthly Rates!,3405,1,,https://anchorage.craigslist.org/apa/d/anchorage-furnished-studio-great/7503188062.html
2022-06-30 10:48, (Anchorage),CONTACT OUR OFFICE TODAY FOR OUR MOVE IN SPECIAL!!,1175,1,470.0,https://anchorage.craigslist.org/apa/d/anchorage-contact-our-office-today-for/7499410120.html
2022-06-30 10:44, (Anchorage),You'll love our amazing community! Highly desirable neighborhood!,1005,1,550.0,https://anchorage.craigslist.org/apa/d/anchorage-youll-love-our-amazing/7503185220.html
2022-06-30 10:44, (Anchorage Downtown),Furnished Studio - Great Monthly Rates!,3405,1,,https://anchorage.craigslist.org/apa/d/anchorage-furnished-studio-great/7503184847.html
2022-06-30 10:44, (Anchorage),Simply beautiful 1 bed / 1 bath in prime Anchorage neighborhood,1340,1,580.0,https://anchorage.craigslist.org/apa/d/anchorage-simply-beautiful-bed-bath-in/7503180371.html
2022-06-30 10:31," (601 E. 16th Avenue, Unit C-6)",Great Location Near Sullivan Arena (601-C6),1200,2,,https://anchorage.craigslist.org/apa/d/anchorage-great-location-near-sullivan/7500431834.html
2022-06-30 09:11, (Palmer),Subsidized housing,1295,1,1005.0,https://anchorage.craigslist.org/apa/d/palmer-subsidized-housing/7491015368.html
2022-06-29 21:45, (Anchorage),"Heat paid, Garage and W/D UMED AREA D",1695,2,864.0,https://anchorage.craigslist.org/apa/d/anchorage-heat-paid-garage-and-d-umed/7502980217.html
2022-06-29 15:06, (Downtown Anchorage),"/month, $440/week, $240/3days, Budget Downtown Lodging",1100,,,https://anchorage.craigslist.org/apa/d/month-440-week-240-3days-budget/7502885394.html
2022-06-29 14:09, (Near Campbell Park),Your dog or cat is welcome! Amazing pet-friendly 1 BR / 1 BA!,1235,1,728.0,https://anchorage.craigslist.org/apa/d/anchorage-your-dog-or-cat-is-welcome/7502848402.html
2022-06-29 13:18, (Near UAA and APU),Check out these views! You'll love this location and this 1 bd 1 ba!,1195,1,650.0,https://anchorage.craigslist.org/apa/d/anchorage-check-out-these-views-youll/7502833063.html
2022-06-29 12:48, (UAA | 1.2 miles),Pets Welcome! We accept indoor cats and dogs! Ask for details!,1425,2,809.0,https://anchorage.craigslist.org/apa/d/anchorage-pets-welcome-we-accept-indoor/7502828848.html
2022-06-29 12:20," (601 E. 16th Avenue, Unit C-6)",Great Location Near Sullivan Arena (601-C6),1200,2,,https://anchorage.craigslist.org/apa/d/anchorage-great-location-near-sullivan/7502815867.html
2022-06-29 10:59, (Anchorage),Village at Calais - Magnificent amenities. Great location.,1070,1,550.0,https://anchorage.craigslist.org/apa/d/anchorage-village-at-calais-magnificent/7502775735.html
2022-06-28 19:14, (East Side),"Amazing amenities can be yours at Admirals Cove Apartment Homes! 2 bed, 2 bath",1970,2,1100.0,https://anchorage.craigslist.org/apa/d/anchorage-amazing-amenities-can-be/7497957910.html
2022-06-28 19:13, (East Side),"We fit your lifestyle! 2 bedroom, 2 bath! Admirals Cove Apartment Homes",2085,2,1100.0,https://anchorage.craigslist.org/apa/d/anchorage-we-fit-your-lifestyle-bedroom/7502533996.html
2022-06-28 19:05, (9480 Morningside Loop),PERFECT for 62Yrs. and Older w/ Washer Dryer and $200 Off 1st Month,900,1,600.0,https://anchorage.craigslist.org/apa/d/anchorage-perfect-for-62yrs-and-older/7502532524.html
2022-06-28 17:13, (Near Campbell Park),"Start living large! You'll love our 1 bed, 1 bath! 728 Sq Ft!",1235,1,728.0,https://anchorage.craigslist.org/apa/d/anchorage-start-living-large-youll-love/7502499093.html
2022-06-28 16:56, (Anchorage),Dog and Cat-Friendly 950 SqFt 2 Bed / 1 Bath! Pets Welcome Here!,1550,2,950.0,https://anchorage.craigslist.org/apa/d/anchorage-dog-and-cat-friendly-950-sqft/7499839775.html
2022-06-28 16:47, (Near UAA and APU),Simply breath-taking! Beautifully designed 2 BR/1 BA - just for you,1515,2,900.0,https://anchorage.craigslist.org/apa/d/anchorage-simply-breath-taking/7502496625.html
2022-06-28 16:44, (Anchorage),Conifer Grove Apartment Homes - Just the place you're looking for!,1165,1,630.0,https://anchorage.craigslist.org/apa/d/anchorage-conifer-grove-apartment-homes/7502491829.html
2022-06-28 16:41, (UAA | 1.2 miles),"Amazing location, spacious apartment , great community!",1170,1,610.0,https://anchorage.craigslist.org/apa/d/anchorage-amazing-location-spacious/7502494880.html
2022-06-28 16:39, (Turnagain),"Lake Spenard/Lake Hood 2Bed/2Ba Condo, Htd Gar",1600,2,862.0,https://anchorage.craigslist.org/apa/d/lake-spenard-lake-hood-2bed-2ba-condo/7502494298.html
2022-06-28 14:20, (Anchorage),Just perfect for your budget! Affordable housing in Anchorage,1300,1,470.0,https://anchorage.craigslist.org/apa/d/anchorage-just-perfect-for-your-budget/7502444001.html
2022-06-28 12:42, (Anchorage),Down town House,3800,4,2700.0,https://anchorage.craigslist.org/apa/d/anchorage-down-town-house/7502400475.html
2022-06-28 12:12, (Westchester lagoon/bootleggers Cove),Down town one bedroom Apt,1500,1,600.0,https://anchorage.craigslist.org/apa/d/anchorage-down-town-one-bedroom-apt/7502386032.html
2022-06-28 12:07, (Anchorage),Beautiful 3 bedroom 1 Bathroom conveniently located on the eastside,1350,3,750.0,https://anchorage.craigslist.org/apa/d/anchorage-beautiful-bedroom-bathroom/7502383734.html
2022-06-28 11:30, (Anchorage),4 bedroom 2 bath 1800 sq ft month to month rental,3500,4,1800.0,https://anchorage.craigslist.org/apa/d/anchorage-bedroom-bath-1800-sq-ft-month/7502365105.html
2022-06-28 11:01, (Close to UAA),"This deal won't last long! Gorgeous 2 bed, 1 bath! Prime location.",1200,2,574.0,https://anchorage.craigslist.org/apa/d/anchorage-this-deal-wont-last-long/7502339717.html
2022-06-28 10:39, (Anchorage),Village at Calais - Magnificent amenities. Great location.,1095,1,550.0,https://anchorage.craigslist.org/apa/d/anchorage-village-at-calais-magnificent/7502339690.html
2022-06-27 18:58, (5 Minute Drive to Delaney Park),2 bed 1 bath Furnished ready to view now!,1865,2,721.0,https://anchorage.craigslist.org/apa/d/anchorage-bed-bath-furnished-ready-to/7502092114.html
2022-06-27 17:10, (East Side),This is the place you've been looking for! 2 BD / 2 BA!,2120,2,1100.0,https://anchorage.craigslist.org/apa/d/anchorage-this-is-the-place-youve-been/7502074951.html
2022-06-27 15:32," (Anchorage, AK)",Cozy downtown area home with lots of charm.,1100,1,598.0,https://anchorage.craigslist.org/apa/d/anchorage-cozy-downtown-area-home-with/7502040087.html
2022-06-27 15:12, (Anchorage),"2bd, 1bath, in quiet 4plex",1400,2,800.0,https://anchorage.craigslist.org/apa/d/anchorage-2bd-1bath-in-quiet-4plex/7502032393.html
2022-06-27 13:06, (Anchorage),Village at Calais - Magnificent amenities. Great location.,1070,1,550.0,https://anchorage.craigslist.org/apa/d/anchorage-village-at-calais-magnificent/7501978054.html
2022-06-27 12:55," ((601 E. 16th Avenue, Unit C-6))",Great Location Near Sullivan Arena (601-C6),1200,2,,https://anchorage.craigslist.org/apa/d/anchorage-great-location-near-sullivan/7501972438.html
2022-06-27 12:06, (UAA | 1.2 miles),"Perfect location with gorgeous views! 2 bed, 1 bath! 954 Sq Ft!",1605,2,954.0,https://anchorage.craigslist.org/apa/d/anchorage-perfect-location-with/7501948478.html
2022-06-27 11:51, (Downtown Anchorage),"/month, $460/week, $250/3days, Budget Downtown Lodging",1100,,,https://anchorage.craigslist.org/apa/d/month-460-week-250-3days-budget/7501940487.html
2022-06-27 11:37, (Anchorage),Check out these views! You'll love this location and this 1 bd 1 ba!,1260,1,434.0,https://anchorage.craigslist.org/apa/d/anchorage-check-out-these-views-youll/7501907313.html
2022-06-27 10:54, (Chugiak),Updated 2 bedroom/2 bath Mobile Home,1150,2,,https://anchorage.craigslist.org/apa/d/chugiak-updated-bedroom-bath-mobile-home/7497347126.html
2022-06-27 10:35, (625 W 46th Ave),AVAILABLE JULY 19!! LG UPGRADED 2 BED 1 BATH!  $1435!,1435,2,1100.0,https://anchorage.craigslist.org/apa/d/anchorage-available-july-19-lg-upgraded/7499401480.html
2022-06-27 10:33, (Anchorage),DELUXE ONE BEDROOM DOWNSTAIRS APARTMENT WITH CARPORT,1250,1,800.0,https://anchorage.craigslist.org/apa/d/anchorage-deluxe-one-bedroom-downstairs/7501878813.html
2022-06-27 10:31, (Anchorage - Midtown),Fully Furnished and Ready to Move In Today!,3265,1,,https://anchorage.craigslist.org/apa/d/anchorage-fully-furnished-and-ready-to/7501896606.html
2022-06-27 09:05, (Downtown Anchorage),Qanchi Place - 1BR! Great Location!!,750,1,450.0,https://anchorage.craigslist.org/apa/d/anchorage-qanchi-place-1br-great/7490576806.html
2022-06-27 07:53, (Anchorage),Top floor one bedroom with new floors,1000,1,700.0,https://anchorage.craigslist.org/apa/d/anchorage-top-floor-one-bedroom-with/7501807592.html
2022-06-25 15:34," (Dimond Blvd., & Jewel Lake Rd.)","South side 2 BR, W/D, DW, FP & deck",1425,2,792.0,https://anchorage.craigslist.org/apa/d/anchorage-south-side-br-d-dw-fp-deck/7501258397.html
2022-06-25 11:26," (Anchorage, AK)",7435 Tyre Drive,3900,5,,https://anchorage.craigslist.org/apa/d/anchorage-7435-tyre-drive/7501159365.html
2022-06-24 14:45, (Close to UAA),Reserve this 1-bedroom apartment for July!,1150,1,572.0,https://anchorage.craigslist.org/apa/d/anchorage-reserve-this-bedroom/7500824431.html
2022-06-24 14:10, (Anchorage),You're going to love our affordable 1 BR / 1 BA! Check us out!,1150,1,470.0,https://anchorage.craigslist.org/apa/d/anchorage-youre-going-to-love-our/7500814850.html
2022-06-24 13:56, (Anchorage),Fully Furnished 4 Bedroom 3 Bathroom House,3200,4,2100.0,https://anchorage.craigslist.org/apa/d/anchorage-fully-furnished-bedroom/7500808926.html
2022-06-24 13:41, (Near Campbell Park),Don't wait! These move-in deals are going fast!,1210,1,728.0,https://anchorage.craigslist.org/apa/d/anchorage-dont-wait-these-move-in-deals/7500797151.html
2022-06-24 13:26, (Near UAA and APU),"Great price on this spacious 1 bed, 1 bath! Check out our deals!",1195,1,650.0,https://anchorage.craigslist.org/apa/d/anchorage-great-price-on-this-spacious/7500795612.html
2022-06-24 10:39, (Anchorage),High end urban living in Anchorage! 550 Sq Ft 1 Bed / 1 Bath!,1080,1,550.0,https://anchorage.craigslist.org/apa/d/anchorage-high-end-urban-living-in/7500711522.html
2022-06-24 09:21, (North Anchorage),Large 3 bedroom 2 bath Close to JBER & UMED!,1735,3,1050.0,https://anchorage.craigslist.org/apa/d/anchorage-large-bedroom-bath-close-to/7500669472.html
2022-06-23 21:04, (Girdwood),Studio Apartment,1500,1,450.0,https://anchorage.craigslist.org/apa/d/girdwood-studio-apartment/7500490976.html
2022-06-23 15:11, (1336 W 23rd Ave),"*Spacious Studio, Balcony, Internet Included, Fitness Room$$",1100,,450.0,https://anchorage.craigslist.org/apa/d/anchorage-spacious-studio-balcony/7500395488.html
2022-06-23 14:58, (Anchorage),"Comfortable 1 bed, 1 bath for an amazing price! Stop by today!",1210,1,728.0,https://anchorage.craigslist.org/apa/d/anchorage-comfortable-bed-bath-for-an/7500397329.html
2022-06-23 14:54, (Anchorage),"Happiness awaits you at Deer Park Apartment Homes! 2 bed, 1 bath, 900 sqft!",1510,2,900.0,https://anchorage.craigslist.org/apa/d/anchorage-happiness-awaits-you-at-deer/7500395915.html
2022-06-23 13:54, (Anchorage),You'll love our amazing community! Highly desirable neighborhood!,1165,1,630.0,https://anchorage.craigslist.org/apa/d/anchorage-youll-love-our-amazing/7500371727.html
2022-06-23 11:55, (Anchorage),Wonderful location for commuters! We're near public transit,1080,1,550.0,https://anchorage.craigslist.org/apa/d/anchorage-wonderful-location-for/7500315520.html
2022-06-23 11:53, (Anchorage),Bring your pet home to Terrace on the Lake! We accept pets!,1305,1,580.0,https://anchorage.craigslist.org/apa/d/anchorage-bring-your-pet-home-to/7500308359.html
2022-06-23 11:36, (North Anchorage),Large 3 bedroom 2 bath Close to JBER & UMED!,1735,3,1050.0,https://anchorage.craigslist.org/apa/d/anchorage-large-bedroom-bath-close-to/7500306151.html
2022-06-23 11:18, (Anchorage - Midtown),Fully Furnished and Ready to Move In Today!,3265,1,,https://anchorage.craigslist.org/apa/d/anchorage-fully-furnished-and-ready-to/7500297298.html
2022-06-23 11:15, (Anchorage),Pets Welcome! We accept indoor cats and dogs! Ask for details!,1425,2,809.0,https://anchorage.craigslist.org/apa/d/anchorage-pets-welcome-we-accept-indoor/7500295847.html
2022-06-23 08:52, (Airport/Jewel Lake),Corporate furnished 1 Bedroom avail July 15,1600,1,600.0,https://anchorage.craigslist.org/apa/d/anchorage-corporate-furnished-bedroom/7496592107.html
2022-06-22 17:26, (Unit#40406- Available 5/13/22-Anchorage),The Castle - safe and sound - sprinkler systems and more!,1035,,410.0,https://anchorage.craigslist.org/apa/d/anchorage-the-castle-safe-and-sound/7500013208.html
2022-06-22 16:10, (Anchorage),Beautiful & affordable home for rent,1550,4,1300.0,https://anchorage.craigslist.org/apa/d/anchorage-beautiful-affordable-home-for/7499989216.html
2022-06-22 15:48, (Anchorage),Move in Today! Immediate move in with accepted application at Terrace!,1355,1,580.0,https://anchorage.craigslist.org/apa/d/anchorage-move-in-today-immediate-move/7499981127.html
2022-06-22 14:11, (Anchorage),A picture is worth a thousand words! Check this 2 bed 1 bath out!,1590,2,721.0,https://anchorage.craigslist.org/apa/d/anchorage-picture-is-worth-thousand/7499940706.html
2022-06-22 11:53, (Anchorage),Prime Location with Full Sized Kitchen and!,1085,,423.0,https://anchorage.craigslist.org/apa/d/anchorage-prime-location-with-full/7499878779.html
2022-06-22 11:44, (625 W 46th Ave),AVAILABLE JULY 19TH!! UPGRADED LG 2 BED 1 BATH!! $1435!,1434,2,1100.0,https://anchorage.craigslist.org/apa/d/anchorage-available-july-19th-upgraded/7497796974.html
2022-06-22 10:52, (Anchorage),Convenient location! We have shopping nearby! Tour today!,1005,1,550.0,https://anchorage.craigslist.org/apa/d/anchorage-convenient-location-we-have/7499847430.html
2022-06-21 17:30, (Anchorage),This 420 sq ft Studio is impressive!,1000,,420.0,https://anchorage.craigslist.org/apa/d/anchorage-this-420-sq-ft-studio-is/7499575362.html
2022-06-21 17:29, (Anchorage),We help your budget! Ask us about our paid utilities!,1045,,370.0,https://anchorage.craigslist.org/apa/d/anchorage-we-help-your-budget-ask-us/7499574995.html
2022-06-21 16:25, (East Side),Live the dream life in our gorgeous community!,2085,2,1100.0,https://anchorage.craigslist.org/apa/d/anchorage-live-the-dream-life-in-our/7499554998.html
2022-06-21 13:47, (Anchorage),"Comfortable 1 bed, 1 bath for an amazing price! Stop by today!",1210,1,728.0,https://anchorage.craigslist.org/apa/d/anchorage-comfortable-bed-bath-for-an/7499473068.html
2022-06-21 12:59, (Anchorage),"Enough living space for all your needs. 2 bed, 1 bath. Check us out!",1510,2,900.0,https://anchorage.craigslist.org/apa/d/anchorage-enough-living-space-for-all/7499472090.html
2022-06-21 10:58, (Anchorage),Keep it cozy with a wood burning fireplace! Tour Greenbriar Apartments,1085,,423.0,https://anchorage.craigslist.org/apa/d/anchorage-keep-it-cozy-with-wood/7499411415.html
2022-06-21 10:53, (Anchorage),Simply beautiful 1 bed / 1 bath in prime Anchorage neighborhood,1305,1,580.0,https://anchorage.craigslist.org/apa/d/anchorage-simply-beautiful-bed-bath-in/7499404469.html
2022-06-21 10:49, (Anchorage),"Don't miss this fabulous 1 Bed, 1 Bath! Highly desirable location!",1070,1,550.0,https://anchorage.craigslist.org/apa/d/anchorage-dont-miss-this-fabulous-bed/7499407335.html
2022-06-20 18:02, (Anchorage),Spacious and elegant! You've found your ideal Studio!,1000,,420.0,https://anchorage.craigslist.org/apa/d/anchorage-spacious-and-elegant-youve/7499144563.html
2022-06-20 18:01, (Anchorage),Convenient public transit access! Great community!,1045,,360.0,https://anchorage.craigslist.org/apa/d/anchorage-convenient-public-transit/7499144290.html
2022-06-20 17:59, (Anchorage),Spacious and elegant! You've found your ideal 1 bed / 1 bath!,1090,1,550.0,https://anchorage.craigslist.org/apa/d/anchorage-spacious-and-elegant-youve/7499143883.html
2022-06-20 17:58, (Anchorage),"This deal won't last long! Gorgeous 1 bed, 1 bath! Prime location.",1045,1,440.0,https://anchorage.craigslist.org/apa/d/anchorage-this-deal-wont-last-long/7499143568.html
2022-06-20 17:58, (East Side),Modern living! In-unit washer/dryer at Admirals Cove Apartment Homes,2020,2,1100.0,https://anchorage.craigslist.org/apa/d/anchorage-modern-living-in-unit-washer/7499143438.html
2022-06-20 16:18, (Anchorage),"Different views, different sizes, and different prices we have it all!",1590,2,721.0,https://anchorage.craigslist.org/apa/d/anchorage-different-views-different/7499094802.html
2022-06-20 15:41, (Spenard),Midtown Studio | Internet INCLUDED | Only Pay Electric!!,1095,,450.0,https://anchorage.craigslist.org/apa/d/anchorage-midtown-studio-internet/7497507038.html
2022-06-20 15:41, (Downtown),2BD 1BA | Top Floor | Pay Electric ONLY! | Garage Parking,1450,2,850.0,https://anchorage.craigslist.org/apa/d/anchorage-2bd-1ba-top-floor-pay/7491991776.html
2022-06-20 15:41, (Spenard),Quaint Studio in the Heart of Midtown! *Internet Included*,1095,,450.0,https://anchorage.craigslist.org/apa/d/anchorage-quaint-studio-in-the-heart-of/7497897241.html
2022-06-20 15:41, (Raspberry Rd),MUST SEE - 3BDR Duplex on Delong Lake,2995,3,1750.0,https://anchorage.craigslist.org/apa/d/anchorage-must-see-3bdr-duplex-on/7497947378.html
2022-06-20 15:04, (Anchorage),Downtown Anchorage  2 Bedroom,1575,2,1100.0,https://anchorage.craigslist.org/apa/d/anchorage-downtown-anchorage-bedroom/7499083413.html
2022-06-20 13:48, (Anchorage),Fully Furnished Rooms - Monthly rates available!,3080,,,https://anchorage.craigslist.org/apa/d/anchorage-fully-furnished-rooms-monthly/7499051438.html
2022-06-20 13:09, (Anchorage),Enjoy the best in off campus living at a great price! 1 bed / 1 bath,1150,1,470.0,https://anchorage.craigslist.org/apa/d/anchorage-enjoy-the-best-in-off-campus/7499032236.html
2022-06-20 12:15, (Anchorage),**** $195/week or $695/month &  up Private Room w/ALL Utilities Inc. ****,195,,,https://anchorage.craigslist.org/apa/d/anchorage-195-week-or-695-month-up/7487788450.html
2022-06-20 11:38, (Anchorage),"Convenient, comfortable 2 bed, 1 bath in University vicinity",1605,2,954.0,https://anchorage.craigslist.org/apa/d/anchorage-convenient-comfortable-bed/7498983501.html
2022-06-20 11:12, (Anchorage),Wonderful location for commuters! We're near public transit,1070,1,550.0,https://anchorage.craigslist.org/apa/d/anchorage-wonderful-location-for/7498969317.html
2022-06-20 10:50, (Anchorage),Updated Downtown 2 Bedroom,1200,2,800.0,https://anchorage.craigslist.org/apa/d/anchorage-updated-downtown-bedroom/7494877224.html
2022-06-20 10:47, (Anchorage - Midtown),Fully Furnished and Ready to Move In Today!,3230,1,,https://anchorage.craigslist.org/apa/d/anchorage-fully-furnished-and-ready-to/7498954630.html
2022-06-18 08:58, (Midtown/Downtown),"3-Bed, 2-Bath: Need Housing Assistance? Short Waitlist - Apply Today!",0,3,1043.0,https://anchorage.craigslist.org/apa/d/anchorage-bed-bath-need-housing/7493092384.html
2022-06-18 08:58, (Midtown/Downtown),"4-Bed, 2-Bath: Need Housing Assistance? Short Wait List!- Apply Today!",0,4,1274.0,https://anchorage.craigslist.org/apa/d/anchorage-bed-bath-need-housing/7493093585.html
2022-06-17 17:00, (East Side),Great Pet-Friendly Community in Anchorage! Ask for details!,1970,2,1100.0,https://anchorage.craigslist.org/apa/d/anchorage-great-pet-friendly-community/7497958265.html
2022-06-17 16:57, (Anchorage),"Let us help you find your next home! Check out this 2 bed, 2 bath!",2085,2,1100.0,https://anchorage.craigslist.org/apa/d/anchorage-let-us-help-you-find-your/7497957468.html
2022-06-17 16:55, (East Side),"We fit your lifestyle! 2 bedroom, 2 bath! Admirals Cove Apartment Homes",2085,2,1100.0,https://anchorage.craigslist.org/apa/d/anchorage-we-fit-your-lifestyle-bedroom/7497956706.html
2022-06-17 16:54, (East Side),MOVE IN TODAY! 2 BR / 2 BA with private washer and dryer,2085,2,1100.0,https://anchorage.craigslist.org/apa/d/anchorage-move-in-today-br-ba-with/7497956506.html
2022-06-17 16:53, (East Side),"We fit your lifestyle! 2 bedroom, 2 bath! Admirals Cove Apartment Homes",1970,2,1100.0,https://anchorage.craigslist.org/apa/d/anchorage-we-fit-your-lifestyle-bedroom/7497956210.html
2022-06-17 13:49, (Anchorage),"Gorgeous light filled 920 Sq Ft, 2 Bed, 2 Bath with beautiful view!",1665,2,920.0,https://anchorage.craigslist.org/apa/d/anchorage-gorgeous-light-filled-920-sq/7497880619.html
2022-06-17 10:42, (Anchorage),Fantastic location! A spacious 550 sq ft 1 bed is waiting for you!,1075,1,550.0,https://anchorage.craigslist.org/apa/d/anchorage-fantastic-location-spacious/7497794002.html
2022-06-17 09:52," (Anchorage, AK)",717 O Street Unit #4,3500,3,,https://anchorage.craigslist.org/apa/d/anchorage-717-street-unit/7497766438.html
2022-06-16 16:25, (Chugiak),3 bed 2 bath house,220,3,1700.0,https://anchorage.craigslist.org/apa/d/eagle-river-bed-bath-house/7497509032.html
2022-06-16 16:18, (Anchorage),Fully Furnished Studio â€“ All Utilities Included!,3045,,,https://anchorage.craigslist.org/apa/d/anchorage-fully-furnished-studio-all/7497506664.html
2022-06-16 11:14, (Anchorage),"Perfect location with gorgeous views! 2 bed, 1 bath! 954 Sq Ft!",1605,2,954.0,https://anchorage.craigslist.org/apa/d/anchorage-perfect-location-with/7497379639.html
2022-06-16 10:48, (Anchorage),Bring your pet home to Terrace on the Lake! We accept pets!,1340,1,580.0,https://anchorage.craigslist.org/apa/d/anchorage-bring-your-pet-home-to/7497367687.html
2022-06-16 10:37, (Anchorage),"Your new 1 bed, 1 bath is only steps away from downtown Anchorage",1005,1,550.0,https://anchorage.craigslist.org/apa/d/anchorage-your-new-bed-bath-is-only/7497362019.html
2022-06-16 09:47, (Anchorage - Midtown),Fully Furnished and Ready to Move In Today!,3230,1,,https://anchorage.craigslist.org/apa/d/anchorage-fully-furnished-and-ready-to/7497335682.html
2022-06-16 09:29, (Anchorage),You've never seen anything like these deals! Call now!,1260,2,725.0,https://anchorage.craigslist.org/apa/d/anchorage-youve-never-seen-anything/7497326566.html
2022-06-15 12:04, (Anchorage),Great price on this spacious Apartment! Check out our deals!,1085,,423.0,https://anchorage.craigslist.org/apa/d/anchorage-great-price-on-this-spacious/7496976998.html
2022-06-15 11:56, (Anchorage),"Amazing location just minutes from campus! 1 Bed, 1 Bath, 470 Sq Ft",1150,1,470.0,https://anchorage.craigslist.org/apa/d/anchorage-amazing-location-just-minutes/7496973314.html
2022-06-15 10:58, (Anchorage),Going green is great! Check out our green community!,1210,1,728.0,https://anchorage.craigslist.org/apa/d/anchorage-going-green-is-great-check/7496937308.html
2022-06-15 10:49, (Anchorage),Travelling by bus? We're near the line! 2 br / 1 ba!,1510,2,900.0,https://anchorage.craigslist.org/apa/d/anchorage-travelling-by-bus-were-near/7496939199.html
2022-06-15 10:39, (Anchorage),Prime location! Amazing floorplans at Village at Calais,1005,1,550.0,https://anchorage.craigslist.org/apa/d/anchorage-prime-location-amazing/7496934039.html
2022-06-15 10:37, (Anchorage),"Spacious layout with private washer & dryer! 920 SqFt 2 Bed, 2 Bath",1665,2,920.0,https://anchorage.craigslist.org/apa/d/anchorage-spacious-layout-with-private/7496933031.html
2022-06-15 00:19, (Valdez),2 bedroom house for rent or buy,1700,2,,https://anchorage.craigslist.org/apa/d/valdez-bedroom-house-for-rent-or-buy/7496732865.html
2022-06-14 19:32," (Anchorage, AK)",5405 Chena Avenue Unit #2,895,1,,https://anchorage.craigslist.org/apa/d/anchorage-5405-chena-avenue-unit/7496704402.html
2022-06-14 12:07, (Anchorage),This is it! The ideal apartment! Walking distance to the campus,1240,1,610.0,https://anchorage.craigslist.org/apa/d/anchorage-this-is-it-the-ideal/7496546387.html
2022-06-14 10:47, (East Side),"Convenient full size washer/dryer in your new 2 bed, 2 bath!",2035,2,1100.0,https://anchorage.craigslist.org/apa/d/anchorage-convenient-full-size-washer/7496504850.html
2022-06-14 10:36, (Anchorage),"Don't miss this fabulous 1 Bed, 1 Bath! Highly desirable location!",1045,1,550.0,https://anchorage.craigslist.org/apa/d/anchorage-dont-miss-this-fabulous-bed/7496499010.html
2022-06-14 10:21, (9480 Morningside Loop),PERFECT for 62Yrs. and Older w/ Washer Dryer and $400 Off 1st Month,900,1,600.0,https://anchorage.craigslist.org/apa/d/anchorage-perfect-for-62yrs-and-older/7496491239.html
2022-06-13 15:36, (Wasilla),Birches 1 -Ready NOW!!,755,1,,https://anchorage.craigslist.org/apa/d/wasilla-birches-ready-now/7496199568.html
2022-06-13 15:12, (Birches 1),55+ Ready to move in now!!,937,2,,https://anchorage.craigslist.org/apa/d/wasilla-55-ready-to-move-in-now/7496190567.html
2022-06-13 14:30, (Wasilla),Aspen Park -2 Bedroom - Ready NOW!!,899,2,,https://anchorage.craigslist.org/apa/d/wasilla-aspen-park-bedroom-ready-now/7496172581.html
2022-06-13 13:40, (Wasilla),Wasilla - Ready NOW!!,1118,2,,https://anchorage.craigslist.org/apa/d/wasilla-wasilla-ready-now/7496149972.html
2022-06-13 13:27, (Wasilla),Aspen Park - Ready NOW!!,789,2,,https://anchorage.craigslist.org/apa/d/wasilla-aspen-park-ready-now/7496143863.html
2022-06-13 11:02, (Anchorage),"Don't miss this fabulous 1 Bed, 1 Bath! Highly desirable location!",1045,1,550.0,https://anchorage.craigslist.org/apa/d/anchorage-dont-miss-this-fabulous-bed/7496069118.html
2022-06-13 10:42, (Anchorage - Midtown),Fully Furnished and Ready to Move In Today!,3230,1,,https://anchorage.craigslist.org/apa/d/anchorage-fully-furnished-and-ready-to/7496058354.html
2022-06-13 10:24, (Anchorage),2 Bed / 1 Bath. You'll love our convenient location! Walk to campus!,1605,2,954.0,https://anchorage.craigslist.org/apa/d/anchorage-bed-bath-youll-love-our/7496048331.html
2022-06-11 20:38, (Anchorage),3 bedroom 1 Bath,1950,3,1080.0,https://anchorage.craigslist.org/apa/d/anchorage-bedroom-bath/7495458907.html
2022-06-10 11:34, (Anchorage),Rent an amazing 550 Sq Foot 1 bed / 1 bath near transit!,1050,1,550.0,https://anchorage.craigslist.org/apa/d/anchorage-rent-an-amazing-550-sq-foot/7494874352.html
2022-06-10 11:25, (Anchorage),Amazing 2 bed 1 bath! Near hospitals and campus,1405,2,762.0,https://anchorage.craigslist.org/apa/d/anchorage-amazing-bed-bath-near/7494869415.html
2022-06-09 16:27, (Anchorage),Apply Today! **Must Be Homeless to Qualify,50,,192.0,https://anchorage.craigslist.org/apa/d/anchorage-apply-today-must-be-homeless/7494538809.html
2022-06-09 15:46, (Anchorage),Take The Next Step & Join Our Wait List**Must Be Homeless to Qualify,50,,192.0,https://anchorage.craigslist.org/apa/d/anchorage-take-the-next-step-join-our/7494541424.html
2022-06-09 15:30, (Anchorage),Single Room Units**Apply Today!,50,,192.0,https://anchorage.craigslist.org/apa/d/anchorage-single-room-unitsapply-today/7494540349.html
2022-06-09 14:19, (Anchorage),Monthly Rental Downtown,3045,,,https://anchorage.craigslist.org/apa/d/anchorage-monthly-rental-downtown/7494513696.html
2022-06-09 13:20, (Anchorage - Midtown),Fully Furnished and Ready to Move In Today!,3230,1,,https://anchorage.craigslist.org/apa/d/anchorage-fully-furnished-and-ready-to/7494488282.html
2022-06-09 11:44, (Anchorage),You'll love our amazing community! Highly desirable neighborhood!,1105,1,550.0,https://anchorage.craigslist.org/apa/d/anchorage-youll-love-our-amazing/7494442537.html
2022-06-09 10:03, (Anchorage),Prime location you've been waiting for! Your new home is here!,1240,1,610.0,https://anchorage.craigslist.org/apa/d/anchorage-prime-location-youve-been/7493506140.html
2022-06-08 14:05," (4009 San Roberto Ave, Anchorage, AK)",Apartment up for rent :::,750,1,600.0,https://anchorage.craigslist.org/apa/d/anchorage-apartment-up-for-rent/7494073109.html
2022-06-08 13:53, (Palmer),Bed + Office + Bonus HUGE Garage on 3 Acres,3000,3,2765.0,https://anchorage.craigslist.org/apa/d/palmer-bed-office-bonus-huge-garage-on/7494067834.html
2022-06-08 13:20, (Anchorage),High end urban living in Anchorage! 550 Sq Ft 1 Bed / 1 Bath!,1105,1,550.0,https://anchorage.craigslist.org/apa/d/anchorage-high-end-urban-living-in/7494053183.html
2022-06-08 10:01," (4101 E 84th Ave,Â Anchorage, AK)",Fully furnished,1000,2,825.0,https://anchorage.craigslist.org/apa/d/anchorage-fully-furnished/7490693533.html
2022-06-07 12:27, (chugiak),Spacious Duplex Unit in Chugiak - 2 bed 2 bath,1300,2,1500.0,https://anchorage.craigslist.org/apa/d/eagle-river-spacious-duplex-unit-in/7493587076.html
2022-06-07 10:48, (Anchorage),"Check out our amazing location! 1 bed, 1 bath. Village at Calais",1105,1,550.0,https://anchorage.craigslist.org/apa/d/anchorage-check-out-our-amazing/7493536198.html
2022-06-07 10:48, (Anchorage),"Fabulous 550 sq ft 1 bed / 1 bath, great spot near public transport",1105,1,550.0,https://anchorage.craigslist.org/apa/d/anchorage-fabulous-550-sq-ft-bed-bath/7493536040.html
2022-06-06 12:05, (Anchorage),Fully Furnished Studio â€“ All Utilities Included!,3045,,,https://anchorage.craigslist.org/apa/d/anchorage-fully-furnished-studio-all/7493129860.html
2022-06-06 10:32, (UMED - East Anchorage),"1-Bed, 1-Bath w/Full Size W&D! Private Entry w/Balcony, Heat Included!",1050,1,705.0,https://anchorage.craigslist.org/apa/d/anchorage-bed-bath-full-size-wd-private/7493080818.html
2022-06-06 10:32, (Anchorage),"Convenient, comfortable 2 bed, 1 bath in University vicinity",1430,2,809.0,https://anchorage.craigslist.org/apa/d/anchorage-convenient-comfortable-bed/7493080652.html
2022-06-06 08:47, (Anchorage - Midtown),Fully Furnished and Ready to Move In Today!,3195,1,,https://anchorage.craigslist.org/apa/d/anchorage-fully-furnished-and-ready-to/7493019693.html
2022-06-03 16:34, (Bearfoot & Northwood),7301 Woburn #2 - Washer/Dryer & Carport,1200,1,,https://anchorage.craigslist.org/apa/d/anchorage-7301-woburn-washer-dryer/7492028535.html
2022-06-03 16:22, (1350 W 27 Avenue Anchorage AK 99515),Apartment for rent,1500,3,1278.0,https://anchorage.craigslist.org/apa/d/anchorage-apartment-for-rent/7492024151.html
2022-06-03 16:15, (1803 Dare Avenue Anchorage AK 99515),Apartment for rent,1500,3,1278.0,https://anchorage.craigslist.org/apa/d/anchorage-apartment-for-rent/7492022262.html
2022-06-03 11:51, (Anchorage),No more searching for a place to park - assigned parking here!,1105,1,550.0,https://anchorage.craigslist.org/apa/d/anchorage-no-more-searching-for-place/7491910777.html
2022-06-03 11:03, (Wasilla),Condo,1650,3,1240.0,https://anchorage.craigslist.org/apa/d/anchorage-condo/7491885363.html
2022-06-02 21:49," (Anchorage, AK)",Apartment up for rent ::: Furnished Apt,1200,2,825.0,https://anchorage.craigslist.org/apa/d/anchorage-apartment-up-for-rent/7491654002.html
2022-06-02 18:24, (Anchorage),"Your dream 1 bed, 1 bath is closer than you think! Call now!",1195,1,585.0,https://anchorage.craigslist.org/apa/d/anchorage-your-dream-bed-bath-is-closer/7491592053.html
2022-06-02 15:17, (Anchorage),Fully Furnished Studio â€“ All Utilities Included!,3045,,,https://anchorage.craigslist.org/apa/d/anchorage-fully-furnished-studio-all/7491563793.html
2022-06-02 13:19, (Anchorage),Convenient location! We have shopping nearby! Tour today!,1095,1,550.0,https://anchorage.craigslist.org/apa/d/anchorage-convenient-location-we-have/7491516606.html
2022-06-02 11:37," (Chugiak, AK)","Quiet, Easy access for commuters - 2BR",1450,2,800.0,https://anchorage.craigslist.org/apa/d/chugiak-quiet-easy-access-for-commuters/7491470623.html
2022-06-02 10:21, (Anchorage - Midtown),Fully Furnished and Ready to Move In Today!,3195,1,,https://anchorage.craigslist.org/apa/d/anchorage-fully-furnished-and-ready-to/7491432090.html
2022-06-02 09:55, (Anchorage),Privacy and ventilation! Window coverings in every apartment,1430,2,809.0,https://anchorage.craigslist.org/apa/d/anchorage-privacy-and-ventilation/7491419171.html
2022-06-02 07:12, (WASILLA),"Wasilla, 3 bedroom, 2 bath, 2 car garage",1700,3,1458.0,https://anchorage.craigslist.org/apa/d/houston-wasilla-bedroom-bath-car-garage/7491331794.html
2022-06-01 18:45, (Anchorage),1BD/1BATH FULLY FURNISHED 7/20,1300,1,450.0,https://anchorage.craigslist.org/apa/d/anchorage-1bd-1bath-fully-furnished-20/7482157332.html
2022-06-01 16:08, (Anchorage),Don't wait! These move-in deals are going fast!,1600,2,756.0,https://anchorage.craigslist.org/apa/d/anchorage-dont-wait-these-move-in-deals/7491152047.html
2022-06-01 16:02, (Anchorage),Gorgeous 2 bed / 2 bath! 756 Sq Ft! Must see!,1600,2,756.0,https://anchorage.craigslist.org/apa/d/anchorage-gorgeous-bed-bath-756-sq-ft/7491151014.html
2022-06-01 15:21, (Anchorage),Rent a great Studio! Country Lane Apartment Homes is waiting for you!,875,,350.0,https://anchorage.craigslist.org/apa/d/anchorage-rent-great-studio-country/7491140065.html
2022-06-01 15:20, (Anchorage),The living is easy at Country Lane Apartment Homes! Comfortable 1 bed/1 bath!,1050,1,550.0,https://anchorage.craigslist.org/apa/d/anchorage-the-living-is-easy-at-country/7491139447.html
2022-05-31 18:06, (Anchorage),We welcome your furry friends! Pet Friendly! 2 Bd / 2 Ba / 756 SqFt,1475,2,756.0,https://anchorage.craigslist.org/apa/d/anchorage-we-welcome-your-furry-friends/7490763329.html
2022-05-31 18:03, (Anchorage),This is the place you've been looking for! 1 BD / 1 BA!,1270,1,606.0,https://anchorage.craigslist.org/apa/d/anchorage-this-is-the-place-youve-been/7490764150.html
2022-05-31 16:22, (Anchorage),Check out this balcony! You'll love this location and this apartment,1430,2,809.0,https://anchorage.craigslist.org/apa/d/anchorage-check-out-this-balcony-youll/7490737285.html
2022-05-31 13:47," (Anchorage, Southport)",anchorage condo for rent by owner,2100,2,,https://anchorage.craigslist.org/apa/d/anchorage-anchorage-condo-for-rent-by/7490677038.html
2022-05-31 10:32, (Anchroage),Historic Housing - Waitlist Openings!,600,,,https://anchorage.craigslist.org/apa/d/anchorage-historic-housing-waitlist/7479903826.html
2022-05-30 15:35," (Valdez, Alaska)",Mobile Home For Rent,1150,2,1000.0,https://anchorage.craigslist.org/apa/d/mobile-home-for-rent/7490298840.html
2022-05-30 15:27, (Valdez),"Two Bedroom Apartment - Valdez, Alaska",1650,2,800.0,https://anchorage.craigslist.org/apa/d/two-bedroom-apartment-valdez-alaska/7490296315.html
2022-05-30 11:26, (Anchorage),Fully Furnished! Ready to Move In Today!,3045,,,https://anchorage.craigslist.org/apa/d/anchorage-fully-furnished-ready-to-move/7490202845.html
2022-05-30 10:10, (Anchorage - Midtown),Fully Furnished and Ready to Move In Today!,3195,1,,https://anchorage.craigslist.org/apa/d/anchorage-fully-furnished-and-ready-to/7490167255.html
2022-05-30 10:08, (Wasilla),"$1200 / 2br - 950ft2 - 2br 2ba Crusey & Bogard area, Sorry no pets",1200,2,,https://anchorage.craigslist.org/apa/d/wasilla-br-950ft2-2br-2ba-crusey-bogard/7490166052.html
2022-05-29 15:26, (9480 Morningside Loop),PERFECT for 62Yrs. and Older w/ Washer Dryer and $400 Off 1st Month,860,1,600.0,https://anchorage.craigslist.org/apa/d/anchorage-perfect-for-62yrs-and-older/7489921637.html
2022-05-27 10:28, (Anchorage),2 Bed / 1 Bath. You'll love our convenient location! Walk to campus!,1420,2,954.0,https://anchorage.craigslist.org/apa/d/anchorage-bed-bath-youll-love-our/7489056763.html
2022-05-26 11:10, (Anchorage),Downtown Studio Available,3045,,,https://anchorage.craigslist.org/apa/d/anchorage-downtown-studio-available/7488656532.html
2022-05-26 10:47, (Anchorage),Beautiful apartment located just minutes from local campus,1365,2,809.0,https://anchorage.craigslist.org/apa/d/anchorage-beautiful-apartment-located/7488645263.html
2022-05-26 08:44, (Anchorage),1 Bedroom Apartment,1300,1,,https://anchorage.craigslist.org/apa/d/anchorage-bedroom-apartment/7488582664.html
2022-05-25 19:50, (Anchorage),South side,2000,3,1650.0,https://anchorage.craigslist.org/apa/d/anchorage-south-side/7488420546.html
2022-05-25 18:47, (Boniface),East side,900,1,700.0,https://anchorage.craigslist.org/apa/d/anchorage-east-side/7488408648.html
2022-05-25 09:55, (Anchorage),"If you commute, you'll want to check us out!",1420,2,954.0,https://anchorage.craigslist.org/apa/d/anchorage-if-you-commute-youll-want-to/7488202394.html
2022-05-24 16:48," (Fairview, Anchorage)",Cute house near Downtown,1220,3,,https://anchorage.craigslist.org/apa/d/anchorage-cute-house-near-downtown/7487958113.html
2022-05-24 10:22, (Anchorage),Gorgeous views right outside your window! Greenbriar Apartments,1420,2,954.0,https://anchorage.craigslist.org/apa/d/anchorage-gorgeous-views-right-outside/7487792911.html
2022-05-24 09:41, (9480 Morningside Loop),PERFECT for 62Yrs. and Older w/ Washer Dryer and $400 Off 1st Month,860,1,600.0,https://anchorage.craigslist.org/apa/d/anchorage-perfect-for-62yrs-and-older/7487771458.html
